kidney_area,kidney_perimeter,kidney_width,kidney_height,aspect_ratio,circularity,mean_intensity,std_intensity,min_intensity,max_intensity,median_intensity,roi_mean,roi_std,image_id,diagnosis,class_name,image_path
0.0,0.0,0.0,0.0,0.0,0.0,0.0,0.0,0.0,0.0,0.0,0.0,0.0,1614,1,pathological,kidney_images\images\1614.jpg
0.0,0.0,0.0,0.0,0.0,0.0,0.0,0.0,0.0,0.0,0.0,0.0,0.0,1641,0,healthy,kidney_images\images\1641.jpg
0.0,0.0,0.0,0.0,0.0,0.0,0.0,0.0,0.0,0.0,0.0,0.0,0.0,1247,1,pathological,kidney_images\images\1247.jpg
0.0,0.0,0.0,0.0,0.0,0.0,0.0,0.0,0.0,0.0,0.0,0.0,0.0,1555,1,pathological,kidney_images\images\1555.jpg
0.0,0.0,0.0,0.0,0.0,0.0,0.0,0.0,0.0,0.0,0.0,0.0,0.0,1548,0,healthy,kidney_images\images\1548.jpg
0.0,0.0,0.0,0.0,0.0,0.0,0.0,0.0,0.0,0.0,0.0,0.0,0.0,91,0,healthy,kidney_images\images\91.jpg
0.0,0.0,0.0,0.0,0.0,0.0,0.0,0.0,0.0,0.0,0.0,0.0,0.0,1798,0,healthy,kidney_images\images\1798.jpg
0.0,0.0,0.0,0.0,0.0,0.0,0.0,0.0,0.0,0.0,0.0,0.0,0.0,1645,1,pathological,kidney_images\images\1645.jpg
0.0,0.0,0.0,0.0,0.0,0.0,0.0,0.0,0.0,0.0,0.0,0.0,0.0,1455,0,healthy,kidney_images\images\1455.jpg
0.0,0.0,0.0,0.0,0.0,0.0,0.0,0.0,0.0,0.0,0.0,0.0,0.0,1603,1,pathological,kidney_images\images\1603.jpg
0.0,0.0,0.0,0.0,0.0,0.0,0.0,0.0,0.0,0.0,0.0,0.0,0.0,1915,0,healthy,kidney_images\images\1915.jpg
0.0,0.0,0.0,0.0,0.0,0.0,0.0,0.0,0.0,0.0,0.0,0.0,0.0,1593,0,healthy,kidney_images\images\1593.jpg
0.0,0.0,0.0,0.0,0.0,0.0,0.0,0.0,0.0,0.0,0.0,0.0,0.0,750,1,pathological,kidney_images\images\750.jpg
0.0,0.0,0.0,0.0,0.0,0.0,0.0,0.0,0.0,0.0,0.0,0.0,0.0,1543,0,healthy,kidney_images\images\1543.jpg
0.0,0.0,0.0,0.0,0.0,0.0,0.0,0.0,0.0,0.0,0.0,0.0,0.0,304,1,pathological,kidney_images\images\304.jpg
0.0,0.0,0.0,0.0,0.0,0.0,0.0,0.0,0.0,0.0,0.0,0.0,0.0,1873,0,healthy,kidney_images\images\1873.jpg
0.0,0.0,0.0,0.0,0.0,0.0,0.0,0.0,0.0,0.0,0.0,0.0,0.0,1783,1,pathological,kidney_images\images\1783.jpg
0.0,0.0,0.0,0.0,0.0,0.0,0.0,0.0,0.0,0.0,0.0,0.0,0.0,1242,1,pathological,kidney_images\images\1242.jpg
0.0,0.0,0.0,0.0,0.0,0.0,0.0,0.0,0.0,0.0,0.0,0.0,0.0,1756,1,pathological,kidney_images\images\1756.jpg
0.0,0.0,0.0,0.0,0.0,0.0,0.0,0.0,0.0,0.0,0.0,0.0,0.0,1695,1,pathological,kidney_images\images\1695.jpg
0.0,0.0,0.0,0.0,0.0,0.0,0.0,0.0,0.0,0.0,0.0,0.0,0.0,1644,0,healthy,kidney_images\images\1644.jpg
0.0,0.0,0.0,0.0,0.0,0.0,0.0,0.0,0.0,0.0,0.0,0.0,0.0,1592,1,pathological,kidney_images\images\1592.jpg
0.0,0.0,0.0,0.0,0.0,0.0,0.0,0.0,0.0,0.0,0.0,0.0,0.0,1396,0,healthy,kidney_images\images\1396.jpg
0.0,0.0,0.0,0.0,0.0,0.0,0.0,0.0,0.0,0.0,0.0,0.0,0.0,1591,1,pathological,kidney_images\images\1591.jpg
0.0,0.0,0.0,0.0,0.0,0.0,0.0,0.0,0.0,0.0,0.0,0.0,0.0,667,1,pathological,kidney_images\images\667.jpg
0.0,0.0,0.0,0.0,0.0,0.0,0.0,0.0,0.0,0.0,0.0,0.0,0.0,1547,1,pathological,kidney_images\images\1547.jpg
0.0,0.0,0.0,0.0,0.0,0.0,0.0,0.0,0.0,0.0,0.0,0.0,0.0,1327,1,pathological,kidney_images\images\1327.jpg
0.0,0.0,0.0,0.0,0.0,0.0,0.0,0.0,0.0,0.0,0.0,0.0,0.0,1778,0,healthy,kidney_images\images\1778.jpg
0.0,0.0,0.0,0.0,0.0,0.0,0.0,0.0,0.0,0.0,0.0,0.0,0.0,1439,1,pathological,kidney_images\images\1439.jpg
0.0,0.0,0.0,0.0,0.0,0.0,0.0,0.0,0.0,0.0,0.0,0.0,0.0,1499,1,pathological,kidney_images\images\1499.jpg
0.0,0.0,0.0,0.0,0.0,0.0,0.0,0.0,0.0,0.0,0.0,0.0,0.0,1881,0,healthy,kidney_images\images\1881.jpg
0.0,0.0,0.0,0.0,0.0,0.0,0.0,0.0,0.0,0.0,0.0,0.0,0.0,1557,1,pathological,kidney_images\images\1557.jpg
0.0,0.0,0.0,0.0,0.0,0.0,0.0,0.0,0.0,0.0,0.0,0.0,0.0,1565,1,pathological,kidney_images\images\1565.jpg
0.0,0.0,0.0,0.0,0.0,0.0,0.0,0.0,0.0,0.0,0.0,0.0,0.0,305,1,pathological,kidney_images\images\305.jpg
0.0,0.0,0.0,0.0,0.0,0.0,0.0,0.0,0.0,0.0,0.0,0.0,0.0,1389,1,pathological,kidney_images\images\1389.jpg
0.0,0.0,0.0,0.0,0.0,0.0,0.0,0.0,0.0,0.0,0.0,0.0,0.0,1755,1,pathological,kidney_images\images\1755.jpg
0.0,0.0,0.0,0.0,0.0,0.0,0.0,0.0,0.0,0.0,0.0,0.0,0.0,1295,0,healthy,kidney_images\images\1295.jpg
0.0,0.0,0.0,0.0,0.0,0.0,0.0,0.0,0.0,0.0,0.0,0.0,0.0,1424,1,pathological,kidney_images\images\1424.jpg
0.0,0.0,0.0,0.0,0.0,0.0,0.0,0.0,0.0,0.0,0.0,0.0,0.0,1612,1,pathological,kidney_images\images\1612.jpg
0.0,0.0,0.0,0.0,0.0,0.0,0.0,0.0,0.0,0.0,0.0,0.0,0.0,1758,0,healthy,kidney_images\images\1758.jpg
0.0,0.0,0.0,0.0,0.0,0.0,0.0,0.0,0.0,0.0,0.0,0.0,0.0,953,1,pathological,kidney_images\images\953.jpg
0.0,0.0,0.0,0.0,0.0,0.0,0.0,0.0,0.0,0.0,0.0,0.0,0.0,1540,1,pathological,kidney_images\images\1540.jpg
0.0,0.0,0.0,0.0,0.0,0.0,0.0,0.0,0.0,0.0,0.0,0.0,0.0,666,1,pathological,kidney_images\images\666.jpg
0.0,0.0,0.0,0.0,0.0,0.0,0.0,0.0,0.0,0.0,0.0,0.0,0.0,1631,1,pathological,kidney_images\images\1631.jpg
0.0,0.0,0.0,0.0,0.0,0.0,0.0,0.0,0.0,0.0,0.0,0.0,0.0,952,1,pathological,kidney_images\images\952.jpg
0.0,0.0,0.0,0.0,0.0,0.0,0.0,0.0,0.0,0.0,0.0,0.0,0.0,917,1,pathological,kidney_images\images\917.jpg
0.0,0.0,0.0,0.0,0.0,0.0,0.0,0.0,0.0,0.0,0.0,0.0,0.0,1136,1,pathological,kidney_images\images\1136.jpg
0.0,0.0,0.0,0.0,0.0,0.0,0.0,0.0,0.0,0.0,0.0,0.0,0.0,1587,1,pathological,kidney_images\images\1587.jpg
0.0,0.0,0.0,0.0,0.0,0.0,0.0,0.0,0.0,0.0,0.0,0.0,0.0,954,1,pathological,kidney_images\images\954.jpg
0.0,0.0,0.0,0.0,0.0,0.0,0.0,0.0,0.0,0.0,0.0,0.0,0.0,1537,1,pathological,kidney_images\images\1537.jpg
0.0,0.0,0.0,0.0,0.0,0.0,0.0,0.0,0.0,0.0,0.0,0.0,0.0,1606,1,pathological,kidney_images\images\1606.jpg
0.0,0.0,0.0,0.0,0.0,0.0,0.0,0.0,0.0,0.0,0.0,0.0,0.0,1586,1,pathological,kidney_images\images\1586.jpg
