feature,importance
gfr,0.1829565158536251
hematuria,0.17450920553491744
family_history,0.17319497829452415
bun,0.17214284132492438
serum_creatinine,0.15379409842006952
blood_pressure,0.11279847125301508
water_intake,0.0045504886970238675
urine_ph,0.004483371112074395
oxalate_levels,0.004470991812423239
serum_calcium,0.004439106142456084
months,0.0031478683955399244
stress_level,0.0024374880104842344
diet,0.001417642291309204
weight_changes,0.001400640879868945
physical_activity,0.0013322596249910313
alcohol,0.0005963251793142053
c3_c4,0.0005853660543780558
painkiller_usage,0.0005853640884159173
smoking,0.000579068977000639
ana,0.0005779080536446618
